"PK_UPLOAD";"SITECODE";"FILENAME";"LINK"
"2271";"FR9400592";"Rapport-Ventilègne_V9-12-11.pdf";"http://natura2000.mnhn.fr/uploads/doc/PRODCOMMENTAIRE/1664_Rapport-Ventilègne_V9-12-11.pdf"
"2304";"FR9102017";"Rapport_GS_OM-MM_Vf.pdf";"https://inpn.mnhn.fr/docs/natura2000/Rapport_GS_OM-MM_Vf.pdf"
"2342";"FR2502022";"SAMM_ME_rapport_final.pdf";"http://natura2000.mnhn.fr/uploads/doc/PRODCOMMENTAIRE/1986_SAMM_ME_rapport_final.pdf"
"2374";"FR2502022";"Rapport_GS_OM-MM_Vf.pdf";"http://natura2000.mnhn.fr/uploads/doc/PRODCOMMENTAIRE/1986_Rapport_GS_OM-MM_Vf.pdf"
"2375";"FR2512005";"Rapport_GS_OM-MM_Vf.pdf";"http://natura2000.mnhn.fr/uploads/doc/PRODCOMMENTAIRE/1996_Rapport_GS_OM-MM_Vf.pdf"
"2376";"FR2512005";"SAMM_ME_rapport_final.pdf";"http://natura2000.mnhn.fr/uploads/doc/PRODCOMMENTAIRE/1996_SAMM_ME_rapport_final.pdf"
"2377";"FR9112038";"Rapport_GS_OM-MM_Vf.pdf";"https://inpn.mnhn.fr/docs/natura2000/Rapport_GS_OM-MM_Vf.pdf"
"2408";"FR2512005";"Lescroel et al 2016 Mar Pol.pdf";"http://natura2000.mnhn.fr/uploads/doc/PRODCOMMENTAIRE/1996_Lescroel et al 2016 Mar Pol.pdf"
"2409";"FR9102018";"Rapport_GS_OM-MM_Vf.pdf";"https://inpn.mnhn.fr/docs/natura2000/Rapport_GS_OM-MM_Vf.pdf"
"6197";"FR2510046";"Etat de conservation oiseaux PNRMCB-GONm-2017.pdf";"http://natura2000.mnhn.fr/uploads/doc/PRODCOMMENTAIRE/14_Etat de conservation oiseaux PNRMCB-GONm-2017.pdf"
"6198";"FR2510099";"ZPSFBornitho2016.RPu.pdf";"http://natura2000.mnhn.fr/uploads/doc/PRODCOMMENTAIRE/250_ZPSFBornitho2016.RPu.pdf"
"6207";"FR8301095";"etat_art_loutre_V2.pdf";"http://natura2000.mnhn.fr/uploads/doc/PRODCOMMENTAIRE/1319_etat_art_loutre_V2.pdf"
"6209";"FR9101368";"valleegardonsaintjean.n2000.fr";"http://valleegardonsaintjean.n2000.fr/"
"6210";"FR2200359";"PDG_BOV_3_2012_2016.pdf";"http://www.donnees.picardie.developpement-durable.gouv.fr/IMG/File/patnat/rnn/PDG_BOV_3_2012_2016.pdf"
"6225";"FR2400518";"docob_FR2400518.html";"http://www.donnees.centre.developpement-durable.gouv.fr/Natura2000/docob_FR2400518.html"
"6226";"FR2400520";"docob_FR2400520.htm";"http://www.donnees.centre.developpement-durable.gouv.fr/Natura2000/docob_FR2400520.htm"
"6228";"FR2502022";"DDSR2_141_2017.pdf";"http://natura2000.mnhn.fr/uploads/doc/PRODCOMMENTAIRE/1986_DDSR2_141_2017.pdf"
"6229";"FR4211809";"DOCOB HARTH COMPLET février 2012.pdf";"http://natura2000.mnhn.fr/uploads/doc/PRODCOMMENTAIRE/503_DOCOB HARTH COMPLET février 2012.pdf"
"6233";"FR1100799";"Landes_idf_volet_2.pdf";"http://natura2000.mnhn.fr/uploads/doc/PRODCOMMENTAIRE/60_Landes_idf_volet_2.pdf"
"6234";"FR1100799";"Landes_idf_volet_1_synthese_vegetation.pdf";"http://natura2000.mnhn.fr/uploads/doc/PRODCOMMENTAIRE/60_Landes_idf_volet_1_synthese_vegetation.pdf"
"6235";"FR1100801";"Fiche synthèse 2016_Basse vallée Loing.pdf";"http://natura2000.mnhn.fr/uploads/doc/PRODCOMMENTAIRE/40_Fiche synthèse 2016_Basse vallée Loing.pdf"
"6236";"FR1100803";"Landes_idf_volet_1_synthese_vegetation.pdf";"http://natura2000.mnhn.fr/uploads/doc/PRODCOMMENTAIRE/42_Landes_idf_volet_1_synthese_vegetation.pdf"
"6237";"FR1100803";"Landes_idf_volet_2.pdf";"http://natura2000.mnhn.fr/uploads/doc/PRODCOMMENTAIRE/42_Landes_idf_volet_2.pdf"
"6238";"FR1100806";"Landes_idf_volet_2.pdf";"http://natura2000.mnhn.fr/uploads/doc/PRODCOMMENTAIRE/43_Landes_idf_volet_2.pdf"
"6239";"FR1100806";"Landes_idf_volet_1_synthese_vegetation.pdf";"http://natura2000.mnhn.fr/uploads/doc/PRODCOMMENTAIRE/43_Landes_idf_volet_1_synthese_vegetation.pdf"
"6240";"FR1100819";"Rapport_oct2015.pdf";"http://natura2000.mnhn.fr/uploads/doc/PRODCOMMENTAIRE/47_Rapport_oct2015.pdf"
"6241";"FR1102014";"20170221_ExtensionValléeEpte_Fiche_synthese_78.pdf";"http://natura2000.mnhn.fr/uploads/doc/PRODCOMMENTAIRE/61_20170221_ExtensionValléeEpte_Fiche_synthese_78.pdf"
"6242";"FR1102014";"Charte bonnes pratiques activités sportives vallée Epte Vexin Validée.pdf";"http://natura2000.mnhn.fr/uploads/doc/PRODCOMMENTAIRE/61_Charte bonnes pratiques activités sportives vallée Epte Vexin Validée.pdf"
"6245";"FR2410003";"Rapport_PRA_Butor_2014_Region_Centre.pdf";"http://natura2000.mnhn.fr/uploads/doc/PRODCOMMENTAIRE/1881_Rapport_PRA_Butor_2014_Region_Centre.pdf"
"6246";"FR2410003";"Rapport_baguage_Guifettes_2014_Brenne.pdf";"http://natura2000.mnhn.fr/uploads/doc/PRODCOMMENTAIRE/1881_Rapport_baguage_Guifettes_2014_Brenne.pdf"
"6247";"FR2410003";"rapport_suivi_oiseaux_deau_2015-1[1].pdf";"http://natura2000.mnhn.fr/uploads/doc/PRODCOMMENTAIRE/1881_rapport_suivi_oiseaux_deau_2015-1[1].pdf"
"6248";"FR2410016";"DOCOB_FR2410016.htm";"http://www.donnees.centre.developpement-durable.gouv.fr/Natura2000/DOCOB_FR2410016.htm"
"6249";"FR7300936";"tourbiere_lac_lourdes";"http://valleesdesgaves.n2000.fr/tourbiere_lac_lourdes"
"6252";"FR9400616";"DOCOB CUPABIA mai 2013.pdf";"http://natura2000.mnhn.fr/uploads/doc/PRODCOMMENTAIRE/1686_DOCOB CUPABIA mai 2013.pdf"
"6255";"FR2400550";"index.php?option=com_content&view=article&id=174:etang-de-la-benette-communes-de-senonches-et-de-la-puisaye&catid=56:eure-et-loir&Itemid=179";"http://www.cen-centrevaldeloire.org/index.php?option=com_content&view=article&id=174:etang-de-la-benette-communes-de-senonches-et-de-la-puisaye&catid=56:eure-et-loir&Itemid=179"
"6256";"FR8201678";"charte_natura2000_sept2015_vf.pdf";"http://www.lagaredesramieres.com/assets/files/reserve/charte_natura2000_sept2015_vf.pdf"
"6257";"FR8201776";"www.pole-gestion.fr";"http://www.pole-gestion.fr/"
"6258";"FR8201776";"www.reserve-regionale-tourbiere-des-saisies.com";"https://www.reserve-regionale-tourbiere-des-saisies.com/"
"6259";"FR8301094";"etat_art_moule_V4.pdf";"http://natura2000.mnhn.fr/uploads/doc/PRODCOMMENTAIRE/1306_etat_art_moule_V4.pdf"
"6260";"FR2512005";"DDSR2_141_2017.pdf";"http://natura2000.mnhn.fr/uploads/doc/PRODCOMMENTAIRE/1996_DDSR2_141_2017.pdf"
